biomarker candidate,estimated meaningfulness,sort
105,SM.C16.1,434119084191.926
82,PC.ae.C36.5,14938278440.066
62,PC.aa.C38.4,11083995591.6135
20,Leu,9245050747.50942
46,PC.aa.C32.0,9196690252.96976
112,label,8986308873.24413
6,Q_IgG,4928900877.13838
82,PC.ae.C36.5,4486260156.61151
112,label,3057866960.21969
27,Tyr,1403270986.46467
74,PC.ae.C34.0,1171825249.29379
75,PC.ae.C34.1,951988480.900281
46,PC.aa.C32.0,864518259.387616
97,PC.ae.C42.4,214578924.152112
86,PC.ae.C38.4,131789229.984353
47,PC.aa.C32.1,126937820.211871
73,PC.ae.C32.2,124810704.8985
3,BBB_disruption,118585708.242439
38,C5,114224918.906713
61,PC.aa.C38.3,69145155.7334229
73,PC.ae.C32.2,50966349.7025946
43,lysoPC.a.C28.1,45575202.1828048
21,Lys,38452635.0946614
25,Thr,36626878.8231178
21,Lys,34327910.6225066
103,SM..OH..C24.1,30321221.6089063
75,PC.ae.C34.1,26275447.9595812
105,SM.C16.1,24613798.8217994
1,Blood_CRP_mgl,24556212.5316467
25,Thr,24010381.9702795
42,lysoPC.a.C26.1,21599557.218189
97,PC.ae.C42.4,19725713.0156766
34,C0,17818511.0440989
104,SM.C16.0,16580812.1414443
67,PC.aa.C40.4,16320529.3665498
33,total.DMA,11778333.2967866
0,Blood_leukocytes_1000perul,10397040.7119634
42,lysoPC.a.C26.1,5709590.33026029
103,SM..OH..C24.1,5616658.78880112
20,Leu,4878010.33943652
10,Ile,4654295.01812704
6,Q_IgG,4061060.06117326
3,BBB_disruption,3823510.48940775
5,CSF_lactate_mM,2882805.17007495
47,PC.aa.C32.1,2881077.05720478
96,PC.ae.C42.3,2439870.57207016
48,PC.aa.C32.2,2242771.10868369
43,lysoPC.a.C28.1,1961659.5652362
10,Ile,1939117.39546961
94,PC.ae.C40.6,1618982.47269423
9,Gln,1333128.99084521
5,CSF_lactate_mM,817854.779422249
111,H1,590121.672754878
19,His,495379.248352374
70,PC.aa.C42.5,302061.292194681
16,Ala,209468.630346018
61,PC.aa.C38.3,121055.752898962
59,PC.aa.C36.6,105954.112648842
27,Tyr,94859.5063568725
49,PC.aa.C32.3,43136.6551224875
60,PC.aa.C38.0,41449.2943749326
62,PC.aa.C38.4,35684.537018269
45,PC.aa.C30.2,31567.4546697192
0,Blood_leukocytes_1000perul,26105.7401229272
34,C0,25107.2644207861
100,SM..OH..C16.1,24869.3976826037
18,Gly,14740.5146736852
31,t4.OH.Pro,10029.142762004
86,PC.ae.C38.4,7053.14162025979
44,PC.aa.C30.0,6089.26906410889
18,Gly,5808.32756566829
56,PC.aa.C36.3,4190.4445516163
70,PC.aa.C42.5,4059.82110593212
74,PC.ae.C34.0,3187.1527735565
35,C2,3155.68581720046
88,PC.ae.C38.6,2892.00511866753
1,Blood_CRP_mgl,2787.02522857843
33,total.DMA,2735.30807272001
59,PC.aa.C36.6,2528.39893300171
19,His,2255.78898247598
67,PC.aa.C40.4,2139.81335941758
96,PC.ae.C42.3,1285.26108255431
36,C3,1126.25656403001
26,Trp,1030.14782263557
40,lysoPC.a.C18.1,907.69674252174
48,PC.aa.C32.2,834.007731056701
35,C2,793.492837170185
26,Trp,679.144309146197
56,PC.aa.C36.3,510.696276544727
40,lysoPC.a.C18.1,375.223301423449
107,SM.C18.1,368.038504704634
107,SM.C18.1,347.206641315523
16,Ala,324.531906914208
72,PC.ae.C32.1,324.475882766845
111,H1,275.384624269087
49,PC.aa.C32.3,194.064377075333
28,Val,179.719239865149
2,Qalb,133.611039187672
22,Orn,128.687254999312
22,Orn,111.597569419751
29,Creatinine,49.858645827919
41,lysoPC.a.C20.4,49.5826590791691
45,PC.aa.C30.2,44.3590245677766
41,lysoPC.a.C20.4,42.5667548203189
11,Met,41.3043473207328
14,Gender,36.8477127373876
98,PC.ae.C44.6,35.2155138731678
24,Ser,29.133849378345
71,PC.ae.C30.1,23.7816858825633
14,Gender,20.696232376462
23,Phe,19.1270877030383
9,Gln,6.24137856934048
71,PC.ae.C30.1,5.98053338507942
29,Creatinine,4.23458817109367
13,Age,3.47204839715048
13,Age,1.37166038871822
7,IgG_Index,0.525931316186564
7,IgG_Index,0.385082966625195
17,Asn,0.29565508233178
17,Asn,0.27371166121098
72,PC.ae.C32.1,0.128903203585614
89,PC.ae.C40.1,0.097863657482633
89,PC.ae.C40.1,0.053162185297913
30,Kynurenine,0.046734237727708
24,Ser,0.013058965700953
31,t4.OH.Pro,0.001973528469492
4,CSF_protein_gl,
8,Arg,
12,Pro,
15,CSF_leukocytes_perul,
23,Phe,
30,Kynurenine,
32,Taurine,
37,C4,
38,C5,
39,lysoPC.a.C16.0,
44,PC.aa.C30.0,
50,PC.aa.C34.1,
51,PC.aa.C34.2,
52,PC.aa.C34.3,
53,PC.aa.C34.4,
54,PC.aa.C36.1,
55,PC.aa.C36.2,
57,PC.aa.C36.4,
58,PC.aa.C36.5,
60,PC.aa.C38.0,
63,PC.aa.C38.5,
64,PC.aa.C38.6,
65,PC.aa.C40.2,
66,PC.aa.C40.3,
68,PC.aa.C40.5,
69,PC.aa.C40.6,
76,PC.ae.C34.2,
77,PC.ae.C34.3,
78,PC.ae.C36.1,
79,PC.ae.C36.2,
80,PC.ae.C36.3,
81,PC.ae.C36.4,
83,PC.ae.C38.1,
84,PC.ae.C38.2,
85,PC.ae.C38.3,
87,PC.ae.C38.5,
88,PC.ae.C38.6,
90,PC.ae.C40.2,
91,PC.ae.C40.3,
92,PC.ae.C40.4,
93,PC.ae.C40.5,
94,PC.ae.C40.6,
95,PC.ae.C42.2,
98,PC.ae.C44.6,
99,SM..OH..C14.1,
101,SM..OH..C22.1,
102,SM..OH..C22.2,
104,SM.C16.0,
106,SM.C18.0,
108,SM.C20.2,
109,SM.C24.0,
110,SM.C24.1,
biomarker candidate,estimated meaningfulness,
2,Qalb,
4,CSF_protein_gl,
8,Arg,
11,Met,
12,Pro,
15,CSF_leukocytes_perul,
28,Val,
32,Taurine,
36,C3,
37,C4,
39,lysoPC.a.C16.0,
50,PC.aa.C34.1,
51,PC.aa.C34.2,
52,PC.aa.C34.3,
53,PC.aa.C34.4,
54,PC.aa.C36.1,
55,PC.aa.C36.2,
57,PC.aa.C36.4,
58,PC.aa.C36.5,
63,PC.aa.C38.5,
64,PC.aa.C38.6,
65,PC.aa.C40.2,
66,PC.aa.C40.3,
68,PC.aa.C40.5,
69,PC.aa.C40.6,
76,PC.ae.C34.2,
77,PC.ae.C34.3,
78,PC.ae.C36.1,
79,PC.ae.C36.2,
80,PC.ae.C36.3,
81,PC.ae.C36.4,
83,PC.ae.C38.1,
84,PC.ae.C38.2,
85,PC.ae.C38.3,
87,PC.ae.C38.5,
90,PC.ae.C40.2,
91,PC.ae.C40.3,
92,PC.ae.C40.4,
93,PC.ae.C40.5,
95,PC.ae.C42.2,
99,SM..OH..C14.1,
100,SM..OH..C16.1,
101,SM..OH..C22.1,
102,SM..OH..C22.2,
106,SM.C18.0,
108,SM.C20.2,
109,SM.C24.0,
110,SM.C24.1,
